company_id,company_name
1,AbbVie Inc.
2,Accord Healthcare Inc.
3,"Actavis Pharma, Inc."
4,Advanz Pharma (US) Corp.
5,Ailex Pharmaceuticals
6,Alembic Pharmaceuticals
7,Alvogen
8,"American Regent, Inc."
9,Amgen Inc.
10,Amneal Pharmaceuticals
11,"Amphastar Pharmaceuticals, Inc."
12,Anthea Pharma
13,Apotex Corp.
14,Armas Pharmaceuticals Inc
15,Aspiro Pharma Limited
16,AstraZeneca AB
17,Aurobindo Pharma USA
18,"Avet Pharmaceuticals, Inc."
19,"Avyxa Pharma, LLC"
20,"Azurity Pharmaceuticals, Inc"
21,B. Braun Medical Inc.
22,BTG International Inc.
23,Baxter Healthcare
24,Bristol Myers Squibb Co.
25,"Caplin Steriles, Ltd."
26,"Cephalon, LLC (a wholly owned subsidiary of Teva Pharmaceutical Industries, Ltd.)"
27,Chartwell Molecular Holdings LLC
28,Cheplapharm Arzneimittel GmbH
29,"Chiesi USA, Inc."
30,Cumberland Pharmaceuticals Inc.
31,Curium US LLC
32,"Dr. Reddy's Laboratories, Inc."
33,"EDW Pharma, Inc. (formerly Italfarmaco Pharma, Inc.)"
34,"ESTEVE PHARMACEUTICALS, S.A."
35,Eli Lilly and Co.
36,"Elite Laboratories, Inc."
37,"Endo Pharmaceuticals, Inc."
38,"Epic Pharma, LLC"
39,"Epizyme, Inc. (An Ipsen Company)"
40,Eugia US LLC
41,"Exela Pharma Sciences, LLC"
42,Fera Pharmaceuticals
43,Ferring
44,"Fresenius Kabi USA, LLC"
45,Fresenius Medical Care North America
46,"Genentech, Inc"
47,"Gilead Sciences, Inc."
48,Gland Pharma Limited
49,Glaukos Corporation
50,GlaxoSmithKline
51,Granules Pharmaceuticals Inc.
52,HQ Specialty Pharma
53,"Hainan Poly Pharm. Co., Ltd."
54,"Harrow Eye, LLC"
55,"Hikma Pharmaceuticals USA, Inc."
56,"Hospira, Inc., a Pfizer Company"
57,"Huons Co., Ltd"
58,"Huons Co., Ltd. (South Korea)"
59,InfoRLife SA
60,Ingenus Pharmaceuticals LLC
61,"Ipsen Biopharmaceuticals, Inc."
62,Janssen Pharmaceuticals
63,Janssen Research and Development
64,"Jiangsu Hengrui Pharmaceuticals Co. (US Agent eVenus Pharmaceutical Laboratories, Inc.)"
65,"Jiangsu Hengrui Pharmaceuticals Co., Ltd."
66,Journey Medical Corporation
67,Kindos Pharmaceuticals Co. Ltd.
68,Laboratorios Atral
69,"Lannett Company, Inc."
70,Lifsa Drugs LLC
71,Long Grove Pharmaceuticals LLC
72,"Lupin Pharmaceuticals, Inc."
73,MSN Laboratories Private Limited
74,"Medefil, Inc."
75,Medexus
76,"Meitheal Pharmaceuticals, Inc."
77,Merck Sharp & Dohme Corp.
78,Merck Sharp & Dohme LLC
79,Micro Labs LTD
80,Milla Pharmaceuticals
81,Mullan Pharmaceutical Inc.
82,"Mylan Institutional, a Viatris Company"
83,"Mylan Pharmaceuticals Inc., a Viatris Company"
84,"Mylan Specialty, a Viatris Company"
85,Nephron Pharmaceuticals Corporation
86,"Neurocrine Biosciences, Inc."
87,Novadoz Pharmaceuticals LLC
88,"Noven Pharmaceuticals, Inc."
89,"Novo Nordisk, Inc."
90,ONESOURCE SPECIALTY PTE LTD
91,Organon
92,Oryza Pharmaceuticals Inc.
93,Otsuka ICU Medical LLC
94,Padagis US LLC
95,"Par Health, Inc."
96,"Par Health, USA LLC"
97,Pfizer Inc.
98,Piramal Critical Care Inc.
99,"Prinston Pharmaceutical, Inc."
100,"Pyros Pharmaceuticals, Inc."
101,Rhodes Pharmaceuticals L.P.
102,"Rising Pharma Holdings, Inc."
103,"Ritedose Pharmaceuticals, LLC"
104,Rubicon Research Private Limited
105,Sagent Pharmaceuticals
106,"Salix Pharmaceuticals, a division of Bausch Health US, LLC"
107,Sandoz Inc.
108,Sanofi-Aventis U.S. LLC
109,Slayback Pharma
110,"Solco Healthcare US, LLC"
111,"Somerset Therapeutics, LLC"
112,SpecGx LLC
113,"Spectra Medical Devices, LLC"
114,"SteriMax, Inc."
115,Strides Pharma Inc.
116,"Sun Pharmaceutical Industries, Inc."
117,"Sunrise Pharmaceutical, Inc."
118,Takeda Pharmaceuticals USA Inc.
119,"Teva Pharmaceuticals USA, Inc."
120,Teyro Labs
121,Torrent Pharmaceuticals Limited
122,"Trigen Laboratories, LLC"
123,"Upsher-Smith Laboratories, LLC"
124,Vantive US Healthcare LLC
125,"Vertical Pharmaceuticals, LLC"
126,ViiV Healthcare Company
127,WG Critical Care
128,"XGen Pharmaceuticals DJB, Inc."
129,pharmaand GmbH (pharma&)
