package_ndc,therapeutic_category
0009-0225-02,Anti-Infective
0409-2253-01,Anesthesia
0781-3317-80,Oncology
0378-6857-77,Psychiatry
72572-128-08,Anesthesia
61269-605-10,Neurology
61269-605-10,Pediatric
61269-605-10,Psychiatry
0009-3073-01,Rheumatology
70069-753-10,Anesthesia
0781-3519-90,Oncology
65162-024-09,Psychiatry
0338-0017-31,Endocrinology/Metabolism
0338-0017-31,Gastroenterology
0338-0017-31,Other
0338-0017-31,Pediatric
0069-2299-30,Oncology
59651-722-01,Neurology
59651-722-01,Pediatric
59651-722-01,Psychiatry
67457-893-08,Hematology
0641-0929-25,Analgesia/Addiction
0641-0929-25,Gastroenterology
0641-0929-25,Pediatric
0641-0929-25,Pulmonary/Allergy
59417-103-10,Psychiatry
0409-0042-12,Cardiovascular
76045-0210-10,Dermatology
76045-0210-10,Endocrinology/Metabolism
76045-0210-10,Gastroenterology
76045-0210-10,Hematology
76045-0210-10,Neurology
76045-0210-10,Oncology
76045-0210-10,Ophthalmology
76045-0210-10,Other
76045-0210-10,Pulmonary/Allergy
76045-0210-10,Rheumatology
61958-1401-1,Antiviral
0941-0413-07,Renal
0071-0530-23,Cardiovascular
76329-8261-1,Neurology
63323-487-37,Anesthesia
63323-487-37,Pediatric
44567-603-24,Anesthesia
25021-652-82,Anesthesia
72572-076-24,Anti-Infective
63323-426-05,Anesthesia
13811-707-10,Psychiatry
0527-0760-37,Psychiatry
0409-7838-24,Anesthesia
55150-196-99,Anesthesia
0574-0601-15,Dermatology
72888-154-01,Neurology
72888-154-01,Pediatric
72888-154-01,Psychiatry
65219-632-20,Anesthesia
68025-095-30,Psychiatry
0093-7767-24,Transplant
0143-9532-25,Anesthesia
63323-285-65,Anesthesia
43066-027-10,Anesthesia
0093-0832-05,Neurology
0093-0832-05,Pediatric
0093-0832-05,Psychiatry
61314-454-36,Rheumatology
45963-709-11,Cardiovascular
0574-0520-76,Other
47781-176-01,Psychiatry
63323-185-10,Other
0143-9606-01,Oncology
63323-165-30,Dermatology
63323-165-30,Endocrinology/Metabolism
63323-165-30,Gastroenterology
63323-165-30,Hematology
63323-165-30,Neurology
63323-165-30,Oncology
63323-165-30,Ophthalmology
63323-165-30,Other
63323-165-30,Pulmonary/Allergy
63323-165-30,Rheumatology
71357-002-10,Endocrinology/Metabolism
71357-002-10,Gastroenterology
71357-002-10,Pediatric
71357-002-10,Total Parenteral Nutrition
0409-2305-17,Anesthesia
0409-2305-17,Neurology
65219-084-15,Medical Imaging
0409-7517-16,Endocrinology/Metabolism
0409-7517-16,Gastroenterology
0409-7517-16,Pediatric
0264-2101-10,Gastroenterology
0264-2101-10,Other
0264-2101-10,Pediatric
64764-805-30,Psychiatry
72572-127-10,Anesthesia
51754-5012-4,Endocrinology/Metabolism
51754-5012-4,Gastroenterology
51754-5012-4,Pediatric
0641-6039-01,Analgesia/Addiction
0409-1312-30,Analgesia/Addiction
0409-4350-03,Cardiovascular
25021-321-04,Cardiovascular
63323-771-39,Oncology
0338-0017-11,Endocrinology/Metabolism
0338-0017-11,Gastroenterology
0338-0017-11,Other
0338-0017-11,Pediatric
72607-100-00,Oncology
0781-2859-31,Gastroenterology
0006-3516-59,Anti-Infective
55150-222-20,Anesthesia
63323-464-31,Anesthesia
63323-083-05,Endocrinology/Metabolism
63323-083-05,Gastroenterology
63323-083-05,Pediatric
69238-1248-3,Neurology
55150-250-50,Anesthesia
39822-3050-2,Anti-Infective
49884-605-11,Neurology
72572-161-10,Anesthesia
0409-1749-29,Anesthesia
42806-799-60,Anti-Infective
63323-483-57,Anesthesia
63323-483-57,Pediatric
71288-723-52,Anesthesia
63323-604-01,Cardiovascular
83634-651-50,Anesthesia
83634-651-50,Pediatric
63323-280-04,Cardiovascular
0409-4928-34,Cardiovascular
0409-4928-34,Endocrinology/Metabolism
76329-3352-1,Endocrinology/Metabolism
76329-3352-1,Gastroenterology
76329-3352-1,Pediatric
0409-9094-22,Analgesia/Addiction
0409-9094-22,Pediatric
31722-275-32,Anesthesia
67457-228-05,Anesthesia
55150-252-20,Anesthesia
0409-6102-25,Cardiovascular
21586-011-02,Anti-Infective
21586-011-02,Pediatric
0641-6147-10,Other
63323-806-01,Analgesia/Addiction
63323-806-01,Pediatric
0941-0415-07,Renal
59572-102-01,Oncology
63323-484-57,Anesthesia
63323-484-57,Pediatric
0409-1312-36,Analgesia/Addiction
0009-0775-26,Anti-Infective
70726-0304-1,Neurology
16729-502-43,Cardiovascular
61703-360-18,Oncology
43066-023-10,Anesthesia
39822-0355-6,Anti-Infective
61474-9711-1,Cardiovascular
43547-407-50,Neurology
43547-407-50,Pediatric
43547-407-50,Psychiatry
0025-1031-31,Cardiovascular
65219-086-20,Medical Imaging
0781-3290-09,Anti-Infective
70069-063-25,Anesthesia
42858-163-01,Psychiatry
0338-0069-10,Analgesia/Addiction
0781-6172-86,Anesthesia
0378-5815-77,Cardiovascular
0228-2853-11,Psychiatry
72888-153-05,Neurology
72888-153-05,Pediatric
72888-153-05,Psychiatry
51754-5001-5,Endocrinology/Metabolism
51754-5001-5,Gastroenterology
51754-5001-5,Pediatric
57664-047-88,Psychiatry
0002-4312-62,Neurology
52536-126-08,Anesthesia
63323-286-20,Anesthesia
57844-120-01,Psychiatry
63323-165-05,Dermatology
63323-165-05,Endocrinology/Metabolism
63323-165-05,Gastroenterology
63323-165-05,Hematology
63323-165-05,Neurology
63323-165-05,Oncology
63323-165-05,Ophthalmology
63323-165-05,Other
63323-165-05,Pulmonary/Allergy
63323-165-05,Rheumatology
0025-1001-31,Cardiovascular
59417-101-10,Psychiatry
63323-486-57,Anesthesia
63323-486-57,Pediatric
0409-7853-24,Anesthesia
0378-5814-77,Cardiovascular
55513-810-60,Cardiovascular
71225-126-05,Anesthesia
0378-5813-77,Cardiovascular
0480-3565-01,Psychiatry
71288-563-84,Endocrinology/Metabolism
70121-1388-1,Anesthesia
0574-7045-12,Analgesia/Addiction
0409-4904-34,Anesthesia
0409-4904-34,Pediatric
0990-7930-09,Endocrinology/Metabolism
0990-7930-09,Gastroenterology
0990-7930-09,Other
0990-7930-09,Pediatric
0574-7040-12,Analgesia/Addiction
62037-727-01,Psychiatry
0054-0372-25,Psychiatry
47781-178-01,Psychiatry
0169-4303-30,Endocrinology/Metabolism
63323-485-57,Anesthesia
63323-485-57,Pediatric
0338-0017-10,Endocrinology/Metabolism
0338-0017-10,Gastroenterology
0338-0017-10,Other
0338-0017-10,Pediatric
0409-1162-02,Anesthesia
45963-677-96,Cardiovascular
13107-073-01,Psychiatry
0409-6648-02,Endocrinology/Metabolism
0409-6648-02,Gastroenterology
0409-6648-02,Pediatric
0574-7045-04,Analgesia/Addiction
47781-562-01,Psychiatry
50742-463-16,Oncology
31722-277-34,Anesthesia
0641-6061-25,Anesthesia
0641-6061-25,Neurology
57664-084-88,Psychiatry
0025-2732-31,Cardiovascular
71288-726-52,Anesthesia
0378-6854-77,Psychiatry
63323-482-57,Anesthesia
63323-482-57,Pediatric
0409-9043-01,Anesthesia
13668-355-30,Cardiovascular
0074-6799-22,Antiviral
58468-0126-1,Endocrinology/Metabolism
0990-6139-03,Gastroenterology
0990-6139-03,Other
0990-6139-03,Pediatric
43547-604-10,Psychiatry
0641-6247-25,Analgesia/Addiction
0641-6247-25,Pediatric
60505-6282-3,Oncology
0781-2859-01,Gastroenterology
0143-9519-10,Rheumatology
0143-9519-10,Oncology
72266-146-10,Anesthesia
0641-6000-10,Neurology
0527-0763-37,Psychiatry
61703-339-56,Oncology
60793-701-10,Anti-Infective
57664-609-88,Psychiatry
10147-0570-1,Antiviral
0409-9045-17,Anesthesia
61703-350-10,Rheumatology
61703-350-10,Oncology
63323-806-20,Analgesia/Addiction
63323-806-20,Pediatric
63323-326-20,Anti-Infective
0310-6615-02,Endocrinology/Metabolism
25021-820-10,Rheumatology
0409-6102-26,Cardiovascular
17478-050-05,Analgesia/Addiction
17478-050-05,Pediatric
70121-1573-5,Rheumatology
65219-082-10,Medical Imaging
0338-0502-03,Gastroenterology
0641-6082-25,Analgesia/Addiction
0641-6082-25,Gastroenterology
0641-6082-25,Pediatric
0641-6082-25,Pulmonary/Allergy
0172-5240-60,Hematology
76045-009-11,Analgesia/Addiction
0409-9045-01,Anesthesia
0009-3475-01,Rheumatology
0228-2850-11,Psychiatry
72888-153-00,Neurology
72888-153-00,Pediatric
72888-153-00,Psychiatry
70069-641-25,Anesthesia
70069-641-25,Neurology
70069-641-25,Pediatric
0409-3814-12,Analgesia/Addiction
61958-1701-1,Oncology
55150-335-01,Oncology
63323-412-10,Anesthesia
63323-412-10,Neurology
57844-112-01,Psychiatry
0093-3213-01,Neurology
0093-3213-01,Pediatric
0093-3213-01,Psychiatry
39822-4200-6,Anesthesia
0069-0188-21,Oncology
0338-0072-25,Analgesia/Addiction
0641-6008-10,Cardiovascular
0409-2022-01,Analgesia/Addiction
0002-8980-05,Endocrinology/Metabolism
16729-432-93,Anesthesia
70069-062-10,Anesthesia
0603-5167-32,Analgesia/Addiction
0603-5167-32,Neurology
0603-5167-32,Other
0002-4491-08,Neurology
60505-6282-6,Oncology
0574-7034-12,Analgesia/Addiction
0574-7034-12,Cardiovascular
50458-290-04,Anti-Infective
50458-290-04,Other
67457-251-02,Anesthesia
0409-6625-14,Endocrinology/Metabolism
0409-6625-14,Gastroenterology
0409-6625-14,Pediatric
43547-413-09,Cardiovascular
0143-9594-25,Anesthesia
59417-106-10,Psychiatry
13668-354-05,Cardiovascular
83634-653-30,Anesthesia
83634-653-30,Pediatric
0338-0017-18,Endocrinology/Metabolism
0338-0017-18,Gastroenterology
0338-0017-18,Other
0338-0017-18,Pediatric
45567-0060-2,Medical Imaging
62135-667-90,Cardiovascular
63323-495-27,Anesthesia
63323-495-27,Pediatric
0143-9930-10,Anti-Infective
0143-9930-10,Pediatric
61314-473-64,Rheumatology
0143-9595-25,Anesthesia
0990-7922-03,Endocrinology/Metabolism
0990-7922-03,Gastroenterology
0990-7922-03,Other
0990-7922-03,Pediatric
63323-494-05,Neurology
42806-801-01,Anti-Infective
71288-563-85,Endocrinology/Metabolism
0409-3613-01,Anesthesia
62037-710-01,Endocrinology/Metabolism
62037-710-01,Gastroenterology
63323-201-10,Anesthesia
63323-201-10,Pediatric
63323-489-27,Anesthesia
63323-489-27,Pediatric
76204-027-01,Pediatric
76204-027-01,Pulmonary/Allergy
70726-0306-1,Neurology
61703-600-05,Oncology
72078-036-05,Analgesia/Addiction
42858-165-01,Psychiatry
0409-3183-01,Anesthesia
0409-3183-01,Pediatric
0409-1160-01,Anesthesia
43066-019-10,Anesthesia
0264-4500-00,Gastroenterology
50458-575-01,Hematology
60505-4744-1,Psychiatry
0378-4415-01,Neurology
0378-4415-01,Other
31722-275-34,Anesthesia
63323-285-10,Anesthesia
0009-0051-01,Urology
63323-288-20,Anesthesia
64850-505-01,Psychiatry
71288-203-05,Cardiovascular
0941-0433-51,Renal
70069-067-25,Anesthesia
63323-462-37,Anesthesia
63323-286-31,Anesthesia
64850-552-01,Psychiatry
63323-469-05,Psychiatry
54288-167-01,Oncology
0487-6105-01,Other
63323-340-20,Anti-Infective
70069-047-25,Endocrinology/Metabolism
70069-047-25,Gastroenterology
70069-047-25,Pediatric
70069-047-25,Total Parenteral Nutrition
59417-116-01,Psychiatry
0574-7093-12,Analgesia/Addiction
0574-7093-12,Other
61703-339-50,Oncology
0574-7040-04,Analgesia/Addiction
59651-722-99,Neurology
59651-722-99,Pediatric
59651-722-99,Psychiatry
0409-7299-25,Endocrinology/Metabolism
0409-7299-25,Gastroenterology
0409-7299-25,Pediatric
0409-7299-25,Total Parenteral Nutrition
62175-312-37,Psychiatry
62332-599-25,Analgesia/Addiction
0338-0644-04,Gastroenterology
72205-102-01,Cardiovascular
0941-0411-06,Renal
0338-0004-02,Gastroenterology
0338-0004-02,Other
0338-0004-02,Pediatric
50458-588-01,Psychiatry
25021-700-01,Analgesia/Addiction
0781-3423-94,Anti-Infective
0409-1165-01,Anesthesia
0574-2420-65,Psychiatry
72143-321-30,Dermatology
42023-230-10,Anti-Infective
57844-117-01,Psychiatry
63323-468-37,Anesthesia
0264-4500-05,Gastroenterology
63323-467-57,Anesthesia
0002-8011-27,Gastroenterology
0002-8011-27,Other
63323-492-37,Anesthesia
63323-492-37,Pediatric
72888-154-05,Neurology
72888-154-05,Pediatric
72888-154-05,Psychiatry
60951-701-70,Analgesia/Addiction
43547-406-10,Neurology
43547-406-10,Pediatric
43547-406-10,Psychiatry
55150-172-30,Anesthesia
69238-2512-9,Anti-Infective
69238-2512-9,Other
63323-493-97,Anesthesia
63323-493-97,Pediatric
0093-3212-01,Neurology
0093-3212-01,Pediatric
0093-3212-01,Psychiatry
0409-1103-01,Analgesia/Addiction
0143-9378-01,Anti-Infective
0228-2855-11,Psychiatry
0990-7930-02,Endocrinology/Metabolism
0990-7930-02,Gastroenterology
0990-7930-02,Other
0990-7930-02,Pediatric
71288-115-30,Oncology
23155-601-41,Anesthesia
23155-601-41,Neurology
11534-193-01,Psychiatry
76045-211-20,Anesthesia
76045-211-20,Neurology
55513-813-28,Cardiovascular
0990-7923-36,Endocrinology/Metabolism
0990-7923-36,Gastroenterology
0990-7923-36,Other
0990-7923-36,Pediatric
0409-5534-14,Endocrinology/Metabolism
0409-5534-14,Gastroenterology
0409-5534-14,Pediatric
0832-0274-11,Analgesia/Addiction
67457-902-10,Anesthesia
0093-3213-05,Neurology
0093-3213-05,Pediatric
0093-3213-05,Psychiatry
57844-130-01,Psychiatry
0228-2551-11,Musculoskeletal
0228-2551-11,Rheumatology
82667-800-01,Ophthalmology
13668-356-01,Cardiovascular
0781-3465-95,Hematology
0409-1660-20,Anesthesia
0409-4776-01,Anesthesia
0409-4776-01,Pediatric
0338-1073-02,Cardiovascular
0338-1073-02,Pediatric
0338-1073-02,Renal
0409-2253-25,Anesthesia
0409-1630-10,Anesthesia
0409-1630-10,Neurology
0409-1630-10,Pediatric
36000-283-25,Cardiovascular
67457-423-12,Dermatology
67457-423-12,Endocrinology/Metabolism
67457-423-12,Gastroenterology
67457-423-12,Hematology
67457-423-12,Neurology
67457-423-12,Oncology
67457-423-12,Ophthalmology
67457-423-12,Other
67457-423-12,Pulmonary/Allergy
67457-423-12,Rheumatology
63323-492-27,Anesthesia
63323-492-27,Pediatric
63323-481-57,Anesthesia
63323-481-57,Pediatric
0338-1130-04,Gastroenterology
57664-656-88,Cardiovascular
65219-281-10,Medical Imaging
0409-2596-05,Anesthesia
0409-2596-05,Neurology
0409-1323-05,Anesthesia
0409-1323-05,Pediatric
0527-0761-37,Psychiatry
16729-295-33,Oncology
0069-4310-71,Cardiovascular
0574-7090-12,Analgesia/Addiction
0574-7090-12,Other
55150-209-02,Anesthesia
47781-563-01,Psychiatry
0093-7768-24,Transplant
60505-6282-1,Oncology
0088-2102-24,Anti-Infective
63323-851-10,Analgesia/Addiction
42806-343-01,Psychiatry
0378-6855-77,Psychiatry
72888-153-30,Neurology
72888-153-30,Pediatric
72888-153-30,Psychiatry
67457-228-10,Anesthesia
0574-7224-06,Analgesia/Addiction
55150-297-10,Anesthesia
0409-1304-31,Analgesia/Addiction
16729-136-00,Neurology
16729-136-00,Pediatric
16729-136-00,Psychiatry
63323-285-13,Anesthesia
0143-9531-01,Oncology
0143-9531-01,Pediatric
13668-353-05,Cardiovascular
0574-0521-25,Other
0338-0502-06,Gastroenterology
0409-3299-06,Endocrinology/Metabolism
0409-3299-06,Gastroenterology
0409-3299-06,Pediatric
0409-3299-06,Total Parenteral Nutrition
0480-3566-01,Psychiatry
49884-562-11,Neurology
42023-146-25,Anesthesia
0185-2098-01,Psychiatry
76204-025-96,Pulmonary/Allergy
63323-943-10,Anesthesia
13811-706-10,Psychiatry
55150-163-30,Anesthesia
66794-230-42,Anesthesia
0006-3856-02,Anti-Infective
70069-759-04,Anesthesia
0093-5031-56,Neurology
45963-678-11,Cardiovascular
55150-256-50,Anesthesia
42806-341-01,Psychiatry
10147-1700-3,Anti-Infective
10147-1700-3,Other
63323-671-50,Anesthesia
63323-472-17,Anesthesia
0641-6060-10,Anesthesia
0641-6060-10,Neurology
65162-023-09,Psychiatry
13668-356-90,Cardiovascular
0002-4312-08,Neurology
0338-0017-02,Endocrinology/Metabolism
0338-0017-02,Gastroenterology
0338-0017-02,Other
0338-0017-02,Pediatric
0487-9901-30,Pulmonary/Allergy
0487-9901-30,Pediatric
0641-6020-10,Analgesia/Addiction
59417-102-10,Psychiatry
0338-0017-38,Endocrinology/Metabolism
0338-0017-38,Gastroenterology
0338-0017-38,Other
0338-0017-38,Pediatric
83634-653-02,Anesthesia
83634-653-02,Pediatric
0143-9252-25,Cardiovascular
70069-752-25,Anesthesia
13668-355-90,Cardiovascular
0074-3956-46,Antiviral
0338-0551-11,Endocrinology/Metabolism
0338-0551-11,Gastroenterology
0338-0551-11,Other
0338-0551-11,Pediatric
55150-254-10,Anesthesia
0409-3178-02,Anesthesia
0409-3178-02,Pediatric
0941-0427-53,Renal
0781-2859-10,Gastroenterology
0409-1985-30,Neurology
63481-627-70,Analgesia/Addiction
63323-491-57,Anesthesia
63323-491-57,Pediatric
0641-6029-25,Analgesia/Addiction
0641-6029-25,Pediatric
0941-0457-05,Renal
60793-702-10,Anti-Infective
54092-191-12,Gastroenterology
0074-9037-30,Endocrinology/Metabolism
42858-164-01,Psychiatry
0173-0716-22,Pulmonary/Allergy
25021-115-06,Anti-Infective
0641-6083-25,Analgesia/Addiction
0641-6083-25,Gastroenterology
0641-6083-25,Pediatric
0641-6083-25,Pulmonary/Allergy
16729-277-30,Rheumatology
16729-277-30,Oncology
0990-7922-55,Endocrinology/Metabolism
0990-7922-55,Gastroenterology
0990-7922-55,Other
0990-7922-55,Pediatric
0527-4666-37,Psychiatry
25021-311-04,Cardiovascular
0009-0902-18,Anti-Infective
25021-687-05,Anesthesia
0781-9409-95,Anti-Infective
0990-7922-09,Endocrinology/Metabolism
0990-7922-09,Gastroenterology
0990-7922-09,Other
0990-7922-09,Pediatric
72205-136-91,Psychiatry
63323-280-10,Cardiovascular
60505-0815-0,Hematology
70069-481-10,Anesthesia
70069-481-10,Neurology
70069-481-10,Pediatric
0009-0280-51,Rheumatology
63323-824-74,Endocrinology/Metabolism
63323-824-74,Gastroenterology
63323-824-74,Other
63323-824-74,Pediatric
0641-6046-10,Neurology
63323-578-05,Anesthesia
0641-6145-25,Dermatology
0641-6145-25,Endocrinology/Metabolism
0641-6145-25,Gastroenterology
0641-6145-25,Hematology
0641-6145-25,Neurology
0641-6145-25,Oncology
0641-6145-25,Ophthalmology
0641-6145-25,Other
0641-6145-25,Pulmonary/Allergy
0641-6145-25,Rheumatology
70069-062-25,Anesthesia
23155-601-42,Anesthesia
23155-601-42,Neurology
0641-6251-10,Anesthesia
0641-6251-10,Neurology
0641-6251-10,Pediatric
0409-1181-30,Analgesia/Addiction
0409-1005-20,Hematology
0409-0155-02,Anesthesia
0409-6625-35,Endocrinology/Metabolism
0409-6625-35,Gastroenterology
0409-6625-35,Pediatric
0832-0273-11,Analgesia/Addiction
63323-482-17,Anesthesia
63323-482-17,Pediatric
0781-9404-95,Anti-Infective
0409-2634-50,Analgesia/Addiction
0338-0023-04,Endocrinology/Metabolism
0338-0023-04,Gastroenterology
0338-0023-04,Other
0338-0023-04,Pediatric
0169-7703-21,Endocrinology/Metabolism
76329-3340-1,Anesthesia
76329-3340-1,Neurology
76329-3340-1,Pediatric
0409-4933-10,Cardiovascular
0409-4933-10,Endocrinology/Metabolism
68025-098-10,Psychiatry
63323-162-01,Analgesia/Addiction
65219-462-10,Endocrinology/Metabolism
65219-462-10,Gastroenterology
65219-462-10,Other
65219-462-10,Pediatric
0093-5030-56,Neurology
57664-655-88,Cardiovascular
0228-2550-11,Musculoskeletal
0228-2550-11,Rheumatology
0009-0280-02,Rheumatology
0409-4282-02,Anesthesia
0409-4282-02,Pediatric
0409-0025-10,Cardiovascular
0409-0025-10,Pediatric
0409-0025-10,Renal
0378-5807-93,Cardiovascular
0310-6627-02,Endocrinology/Metabolism
0023-6150-04,Urology
44567-610-10,Anesthesia
44567-610-10,Neurology
0555-0971-02,Psychiatry
11534-192-01,Psychiatry
64980-642-03,Pediatric
64980-642-03,Pulmonary/Allergy
65862-163-90,Cardiovascular
0409-4933-01,Cardiovascular
0409-4933-01,Endocrinology/Metabolism
0641-6126-25,Analgesia/Addiction
60505-4742-1,Psychiatry
0338-1005-03,Cardiovascular
0409-1162-01,Anesthesia
0068-0597-01,Anti-Infective
62135-736-30,Neurology
62135-736-30,Other
0574-7114-12,Analgesia/Addiction
59417-107-10,Psychiatry
0591-4550-22,Anti-Infective
31722-276-34,Anesthesia
66794-229-41,Anesthesia
0409-2344-88,Cardiovascular
0409-2344-88,Pediatric
0409-2344-88,Renal
0074-7098-05,Ophthalmology
0009-0065-01,Urology
0378-0007-85,Transplant
0409-9042-17,Anesthesia
63323-286-63,Anesthesia
43066-007-10,Anesthesia
65862-161-90,Cardiovascular
0574-2430-65,Psychiatry
0409-9094-31,Analgesia/Addiction
0409-9094-31,Pediatric
0941-0459-05,Renal
0409-3299-05,Endocrinology/Metabolism
0409-3299-05,Gastroenterology
0409-3299-05,Pediatric
0409-3299-05,Total Parenteral Nutrition
0378-4430-01,Neurology
0378-4430-01,Other
13811-700-30,Psychiatry
72516-014-01,Psychiatry
68118-100-01,Oncology
25021-311-02,Cardiovascular
55150-197-20,Anesthesia
0009-3073-03,Rheumatology
65219-281-02,Medical Imaging
61703-262-05,Oncology
63323-466-31,Anesthesia
11534-195-01,Psychiatry
63323-285-64,Anesthesia
0409-0152-24,Anti-Infective
0093-9364-10,Endocrinology/Metabolism
63323-358-10,Anti-Infective
71288-728-32,Anesthesia
63323-286-23,Anesthesia
0641-6262-01,Endocrinology/Metabolism
0641-6262-01,Gastroenterology
0641-6262-01,Pediatric
0641-6262-01,Total Parenteral Nutrition
63323-411-12,Anesthesia
63323-411-12,Neurology
0338-3991-01,Oncology
0338-3991-01,Pediatric
0338-0644-06,Gastroenterology
0941-0427-52,Renal
71288-203-11,Cardiovascular
63323-185-20,Other
0409-2308-02,Anesthesia
0409-2308-02,Neurology
0002-8235-99,Endocrinology/Metabolism
72888-152-00,Neurology
72888-152-00,Pediatric
72888-152-00,Psychiatry
25021-115-04,Anti-Infective
0338-0433-04,Hematology
0264-2101-00,Gastroenterology
0264-2101-00,Other
0264-2101-00,Pediatric
63323-413-10,Analgesia/Addiction
0088-2161-30,Rheumatology
0093-3212-05,Neurology
0093-3212-05,Pediatric
0093-3212-05,Psychiatry
0009-0870-26,Anti-Infective
0409-6695-01,Anesthesia
25021-321-10,Cardiovascular
82154-0449-1,Antiviral
63323-492-31,Anesthesia
63323-492-31,Pediatric
16729-239-93,Anesthesia
0093-0832-01,Neurology
0093-0832-01,Pediatric
0093-0832-01,Psychiatry
71357-007-10,Total Parenteral Nutrition
63323-466-17,Anesthesia
39822-5525-3,Analgesia/Addiction
39822-5525-3,Gastroenterology
39822-5525-3,Other
39822-5525-3,Pulmonary/Allergy
0169-4060-12,Endocrinology/Metabolism
0338-0017-48,Endocrinology/Metabolism
0338-0017-48,Gastroenterology
0338-0017-48,Other
0338-0017-48,Pediatric
55566-2500-0,Hematology
0264-9872-00,Hematology
71288-722-32,Anesthesia
16729-525-08,Anesthesia
16729-525-08,Neurology
16729-525-08,Pediatric
47781-565-01,Psychiatry
0264-1510-31,Endocrinology/Metabolism
0264-1510-31,Gastroenterology
0264-1510-31,Other
0264-1510-31,Pediatric
63323-506-01,Dermatology
63323-506-01,Endocrinology/Metabolism
63323-506-01,Gastroenterology
63323-506-01,Hematology
63323-506-01,Neurology
63323-506-01,Oncology
63323-506-01,Ophthalmology
63323-506-01,Other
63323-506-01,Pulmonary/Allergy
63323-506-01,Rheumatology
0409-1805-01,Analgesia/Addiction
0409-1752-50,Anesthesia
43066-013-10,Anesthesia
64850-506-01,Psychiatry
0409-1858-12,Cardiovascular
0409-4596-20,Anesthesia
49884-128-91,Transplant
0941-0426-52,Renal
0409-1403-10,Anesthesia
0406-5115-01,Psychiatry
63323-488-37,Anesthesia
63323-488-37,Pediatric
0338-0023-03,Endocrinology/Metabolism
0338-0023-03,Gastroenterology
0338-0023-03,Other
0338-0023-03,Pediatric
63323-089-50,Endocrinology/Metabolism
63323-089-50,Gastroenterology
63323-089-50,Pediatric
63323-287-21,Anesthesia
64850-553-01,Psychiatry
0409-3182-03,Anesthesia
0409-3182-03,Pediatric
65219-460-20,Endocrinology/Metabolism
65219-460-20,Gastroenterology
65219-460-20,Other
65219-460-20,Pediatric
0409-4264-01,Analgesia/Addiction
43547-408-10,Neurology
43547-408-10,Pediatric
43547-408-10,Psychiatry
72485-201-01,Oncology
59417-117-01,Psychiatry
63323-806-05,Analgesia/Addiction
63323-806-05,Pediatric
0409-0151-10,Cardiovascular
0409-0151-10,Pediatric
0409-0151-10,Renal
0093-2401-01,Anti-Infective
0093-2401-01,Other
0093-2401-01,Rheumatology
69918-501-05,Hematology
71357-008-10,Total Parenteral Nutrition
50458-586-01,Psychiatry
71288-205-03,Cardiovascular
11534-190-01,Psychiatry
23155-473-42,Cardiovascular
42023-186-20,Anesthesia
81298-7620-3,Endocrinology/Metabolism
81298-7620-3,Gastroenterology
81298-7620-3,Pediatric
0409-0001-25,Anesthesia
0409-0001-25,Neurology
63323-469-01,Psychiatry
0378-0167-13,Anti-Infective
17478-050-02,Analgesia/Addiction
17478-050-02,Pediatric
0409-7875-12,Anesthesia
0591-5590-01,Psychiatry
0002-8870-27,Gastroenterology
0002-8870-27,Other
0409-0040-10,Anesthesia
0378-0006-85,Transplant
62332-600-25,Analgesia/Addiction
70121-1389-1,Anesthesia
55150-169-10,Anesthesia
58914-301-80,Analgesia/Addiction
57844-105-01,Psychiatry
0409-9094-28,Analgesia/Addiction
0409-9094-28,Pediatric
62332-601-25,Analgesia/Addiction
65219-464-50,Endocrinology/Metabolism
65219-464-50,Gastroenterology
65219-464-50,Other
65219-464-50,Pediatric
70069-752-01,Anesthesia
63323-750-10,Oncology
72266-119-25,Analgesia/Addiction
72516-016-01,Psychiatry
65219-080-05,Medical Imaging
0409-4902-34,Endocrinology/Metabolism
0409-4902-34,Gastroenterology
0409-4902-34,Pediatric
71288-725-32,Anesthesia
0002-7623-01,Oncology
55150-159-74,Anesthesia
0054-3294-46,Cardiovascular
0409-3578-01,Anti-Infective
47781-179-01,Psychiatry
0591-5544-05,Oncology
0591-5544-05,Renal
0591-5544-05,Rheumatology
0603-5165-21,Analgesia/Addiction
0603-5165-21,Neurology
0603-5165-21,Other
63323-492-57,Anesthesia
63323-492-57,Pediatric
0093-9364-01,Endocrinology/Metabolism
25021-701-02,Analgesia/Addiction
0025-2742-31,Cardiovascular
50742-447-45,Oncology
0641-1495-35,Analgesia/Addiction
0641-1495-35,Gastroenterology
0641-1495-35,Pediatric
0641-1495-35,Pulmonary/Allergy
76329-3390-1,Anesthesia
76329-3390-1,Pediatric
10019-926-02,Oncology
10019-926-02,Pediatric
25021-701-01,Analgesia/Addiction
58468-0127-1,Endocrinology/Metabolism
0703-4248-01,Oncology
0071-0532-23,Cardiovascular
0378-6856-77,Psychiatry
0002-8235-05,Endocrinology/Metabolism
63323-851-50,Analgesia/Addiction
59676-570-01,Antiviral
72888-152-30,Neurology
72888-152-30,Pediatric
72888-152-30,Psychiatry
63323-723-03,Analgesia/Addiction
57664-052-88,Psychiatry
0088-2160-30,Rheumatology
55150-168-30,Anesthesia
0527-1505-37,Psychiatry
76045-210-10,Dermatology
76045-210-10,Endocrinology/Metabolism
76045-210-10,Gastroenterology
76045-210-10,Hematology
76045-210-10,Neurology
76045-210-10,Oncology
76045-210-10,Ophthalmology
76045-210-10,Other
76045-210-10,Pulmonary/Allergy
76045-210-10,Rheumatology
25021-671-67,Anesthesia
0480-3570-01,Psychiatry
65282-1605-1,Anesthesia
0555-0776-02,Psychiatry
0054-3298-63,Cardiovascular
43066-555-24,Anesthesia
0409-6637-14,Endocrinology/Metabolism
0409-6637-14,Gastroenterology
0409-6637-14,Pediatric
57664-086-88,Psychiatry
0480-3667-22,Endocrinology/Metabolism
0555-0777-02,Psychiatry
76045-121-11,Analgesia/Addiction
0409-1454-20,Anesthesia
55150-393-01,Oncology
70010-113-01,Psychiatry
47781-564-01,Psychiatry
0591-2888-30,Other
61958-1702-1,Oncology
0990-7923-13,Endocrinology/Metabolism
0990-7923-13,Gastroenterology
0990-7923-13,Other
0990-7923-13,Pediatric
59137-570-01,Rheumatology
0641-6052-25,Analgesia/Addiction
0054-0375-25,Psychiatry
0409-1761-62,Analgesia/Addiction
0002-8213-05,Endocrinology/Metabolism
0338-9666-35,Endocrinology/Metabolism
0338-9666-35,Gastroenterology
0338-9666-35,Other
0338-9666-35,Pediatric
0409-1530-01,Anesthesia
13811-709-10,Psychiatry
43547-602-10,Psychiatry
0409-9137-05,Anesthesia
0409-9137-05,Pediatric
76045-107-10,Analgesia/Addiction
0409-7809-24,Cardiovascular
0338-1130-06,Gastroenterology
68025-098-30,Psychiatry
65219-368-02,Neurology
63323-202-02,Anesthesia
63323-202-02,Pediatric
0002-4491-61,Neurology
0006-3074-02,Antiviral
16729-295-31,Oncology
63323-452-01,Analgesia/Addiction
70010-112-01,Psychiatry
63323-142-10,Oncology
63323-142-10,Pediatric
0143-9577-10,Anesthesia
63323-489-17,Anesthesia
63323-489-17,Pediatric
0781-2868-31,Gastroenterology
61314-531-64,Rheumatology
0591-5544-01,Oncology
0591-5544-01,Renal
0591-5544-01,Rheumatology
0169-2800-15,Endocrinology/Metabolism
0641-6026-05,Analgesia/Addiction
0641-6026-05,Pediatric
0409-5092-16,Anti-Infective
46163-212-92,Renal
0703-3678-01,Rheumatology
0703-3678-01,Oncology
63323-493-91,Anesthesia
63323-493-91,Pediatric
0406-5111-01,Psychiatry
63481-025-09,Neurology
72888-153-01,Neurology
72888-153-01,Pediatric
72888-153-01,Psychiatry
62135-485-90,Cardiovascular
42023-240-01,Rheumatology
0378-6859-77,Psychiatry
0527-4662-37,Psychiatry
75987-050-07,Inborn Errors
16729-136-16,Neurology
16729-136-16,Pediatric
16729-136-16,Psychiatry
68180-554-09,Cardiovascular
0009-3073-22,Rheumatology
49884-564-11,Neurology
0480-3564-01,Psychiatry
0185-2099-01,Psychiatry
16571-600-96,Pulmonary/Allergy
42806-799-05,Anti-Infective
63323-637-10,Oncology
72205-132-91,Psychiatry
63323-519-77,Hematology
0406-8884-01,Psychiatry
64850-550-01,Psychiatry
76045-004-11,Analgesia/Addiction
0378-6858-77,Psychiatry
0641-6053-25,Analgesia/Addiction
50742-402-05,Oncology
63323-671-00,Anesthesia
0409-3189-10,Anesthesia
13668-353-90,Cardiovascular
83634-651-10,Anesthesia
83634-651-10,Pediatric
70010-114-01,Psychiatry
0338-0017-03,Endocrinology/Metabolism
0338-0017-03,Gastroenterology
0338-0017-03,Other
0338-0017-03,Pediatric
25021-652-87,Anesthesia
59212-001-01,Cardiovascular
0941-0409-07,Renal
68025-095-10,Psychiatry
0555-0972-02,Psychiatry
0143-9254-25,Cardiovascular
0054-0660-25,Psychiatry
65649-400-01,Gastroenterology
55150-165-05,Anesthesia
63323-454-01,Analgesia/Addiction
0264-9594-20,Cardiovascular
0409-3178-03,Anesthesia
0409-3178-03,Pediatric
43598-305-62,Oncology
72078-034-01,Analgesia/Addiction
54092-173-12,Neurology
0781-2868-92,Gastroenterology
0409-4279-02,Anesthesia
0409-4279-02,Pediatric
72266-147-10,Anesthesia
63323-760-20,Oncology
42806-799-01,Anti-Infective
0009-0104-04,Anti-Infective
46163-212-94,Renal
60505-4739-1,Psychiatry
0641-6030-01,Analgesia/Addiction
0641-6030-01,Pediatric
0409-4887-10,Other
0074-3399-30,Antiviral
0703-4246-01,Oncology
66993-066-02,Cardiovascular
0054-0371-25,Psychiatry
0173-0717-22,Pulmonary/Allergy
62175-310-37,Psychiatry
63323-287-20,Anesthesia
42858-161-01,Psychiatry
62135-486-90,Cardiovascular
13107-072-01,Psychiatry
25021-311-10,Cardiovascular
0409-5017-01,Anti-Infective
63323-288-11,Anesthesia
0009-5095-06,Anti-Infective
65862-617-90,Cardiovascular
57664-083-88,Psychiatry
55150-322-25,Cardiovascular
13811-710-30,Psychiatry
0169-4307-30,Endocrinology/Metabolism
76045-212-10,Dermatology
76045-212-10,Endocrinology/Metabolism
76045-212-10,Gastroenterology
76045-212-10,Hematology
76045-212-10,Neurology
76045-212-10,Oncology
76045-212-10,Ophthalmology
76045-212-10,Other
76045-212-10,Pulmonary/Allergy
76045-212-10,Rheumatology
68180-658-06,Anti-Infective
0074-3008-60,Antiviral
0409-2222-12,Hematology
63459-390-08,Oncology
0990-7139-09,Gastroenterology
0990-7139-09,Other
0990-7139-09,Pediatric
0409-2815-01,Anesthesia
25021-671-82,Anesthesia
57664-608-88,Psychiatry
0703-0110-03,Analgesia/Addiction
25021-131-82,Anti-Infective
69489-721-05,Dermatology
0990-7922-61,Endocrinology/Metabolism
0990-7922-61,Gastroenterology
0990-7922-61,Other
0990-7922-61,Pediatric
0409-4887-20,Other
55150-314-01,Rheumatology
63323-162-02,Analgesia/Addiction
0409-9046-01,Anesthesia
0641-6007-10,Cardiovascular
0338-9664-40,Endocrinology/Metabolism
0338-9664-40,Gastroenterology
0338-9664-40,Other
0338-9664-40,Pediatric
0409-9633-05,Cardiovascular
0641-6019-10,Analgesia/Addiction
0409-2066-05,Anesthesia
0409-2066-05,Pediatric
55150-386-01,Oncology
55150-170-30,Anesthesia
70436-203-80,Cardiovascular
70436-203-80,Pediatric
70436-203-80,Renal
63323-970-02,Neurology
0409-1893-01,Analgesia/Addiction
64850-500-01,Psychiatry
63323-411-25,Anesthesia
63323-411-25,Neurology
0338-1005-02,Cardiovascular
0409-1746-10,Anesthesia
0069-0187-21,Oncology
63323-495-07,Anesthesia
63323-495-07,Pediatric
0143-9931-25,Anti-Infective
0143-9931-25,Pediatric
63323-462-31,Anesthesia
48102-053-05,Ophthalmology
16729-295-34,Oncology
0603-5167-21,Analgesia/Addiction
0603-5167-21,Neurology
0603-5167-21,Other
60505-4743-1,Psychiatry
0409-2596-03,Anesthesia
0409-2596-03,Neurology
0941-0411-07,Renal
63323-488-17,Anesthesia
63323-488-17,Pediatric
0143-9933-25,Anti-Infective
0143-9933-25,Pediatric
43547-412-09,Cardiovascular
43547-605-10,Psychiatry
59212-111-14,Oncology
0009-0331-02,Anti-Infective
0641-6025-10,Analgesia/Addiction
0641-6025-10,Pediatric
53746-468-19,Anti-Infective
62135-668-90,Cardiovascular
0641-6003-25,Neurology
0990-7171-17,Gastroenterology
0338-3612-50,Anti-Infective
0603-3718-34,Neurology
59651-723-99,Neurology
59651-723-99,Pediatric
59651-723-99,Psychiatry
42806-801-30,Anti-Infective
61703-408-41,Rheumatology
61703-408-41,Oncology
82154-0451-4,Antiviral
57884-3151-1,Anti-Infective
75987-050-06,Inborn Errors
0990-7172-17,Gastroenterology
43066-015-10,Anesthesia
62175-313-37,Psychiatry
59651-723-01,Neurology
59651-723-01,Pediatric
59651-723-01,Psychiatry
67457-422-54,Dermatology
67457-422-54,Endocrinology/Metabolism
67457-422-54,Gastroenterology
67457-422-54,Hematology
67457-422-54,Neurology
67457-422-54,Oncology
67457-422-54,Ophthalmology
67457-422-54,Other
67457-422-54,Pulmonary/Allergy
67457-422-54,Rheumatology
72516-011-01,Psychiatry
43547-406-50,Neurology
43547-406-50,Pediatric
43547-406-50,Psychiatry
55150-201-20,Anesthesia
70121-1574-1,Rheumatology
39822-5550-6,Analgesia/Addiction
39822-5550-6,Gastroenterology
39822-5550-6,Other
39822-5550-6,Pulmonary/Allergy
43598-976-58,Anesthesia
50742-401-02,Oncology
70370-5025-1,Endocrinology/Metabolism
70069-067-10,Anesthesia
0009-3475-03,Rheumatology
43547-406-11,Neurology
43547-406-11,Pediatric
43547-406-11,Psychiatry
63323-824-75,Endocrinology/Metabolism
63323-824-75,Gastroenterology
63323-824-75,Other
63323-824-75,Pediatric
68001-573-41,Oncology
69238-2391-1,Psychiatry
63323-412-02,Anesthesia
63323-412-02,Neurology
16729-512-43,Anesthesia
16729-512-43,Neurology
16729-512-43,Pediatric
0228-2550-96,Musculoskeletal
0228-2550-96,Rheumatology
0955-1737-30,Rheumatology
0409-1596-10,Anesthesia
63323-178-76,Other
0003-3641-11,Antiviral
66220-160-10,Cardiovascular
0409-2344-01,Cardiovascular
0409-2344-01,Pediatric
0409-2344-01,Renal
0555-0775-02,Psychiatry
0781-3494-95,Anesthesia
0574-4022-35,Anti-Infective
0574-4022-35,Ophthalmology
13668-354-30,Cardiovascular
62135-487-90,Cardiovascular
0574-0520-74,Other
0264-9598-20,Cardiovascular
42806-339-01,Psychiatry
72205-101-07,Cardiovascular
62037-720-01,Endocrinology/Metabolism
62037-720-01,Gastroenterology
50742-430-01,Oncology
11534-196-01,Psychiatry
0409-4276-01,Anesthesia
0409-4276-01,Pediatric
0338-0074-30,Endocrinology/Metabolism
0338-0074-30,Gastroenterology
0338-0074-30,Other
0338-0074-30,Pediatric
60951-700-70,Analgesia/Addiction
0143-9391-10,Analgesia/Addiction
0143-9250-10,Anesthesia
0409-6695-02,Anesthesia
47781-568-01,Psychiatry
72485-509-10,Anesthesia
0409-1163-01,Anesthesia
61314-454-68,Rheumatology
0338-9557-12,Anesthesia
0093-7766-24,Transplant
0054-0373-25,Psychiatry
65219-447-20,Anesthesia
0409-9042-01,Anesthesia
16729-484-45,Anesthesia
16729-484-45,Neurology
16729-484-45,Pediatric
0409-7037-10,Anesthesia
23155-473-44,Cardiovascular
65162-027-09,Psychiatry
62135-736-90,Oncology
62135-736-90,Other
63323-468-17,Anesthesia
0378-9070-93,Neurology
0409-1660-50,Anesthesia
57664-085-88,Psychiatry
0409-1208-01,Analgesia/Addiction
65219-444-10,Anesthesia
16729-306-10,Oncology
0409-1283-31,Analgesia/Addiction
13107-074-01,Psychiatry
0409-6102-04,Cardiovascular
16729-138-16,Neurology
16729-138-16,Pediatric
16729-138-16,Psychiatry
63323-285-61,Anesthesia
0781-3493-95,Anesthesia
21586-211-02,Oncology
21586-211-02,Pediatric
0074-4014-12,Antiviral
0409-3365-10,Analgesia/Addiction
0069-1198-30,Oncology
65219-632-10,Anesthesia
42806-345-01,Psychiatry
49884-604-11,Neurology
0703-3671-01,Rheumatology
0703-3671-01,Oncology
63323-574-93,Hematology
0406-8893-01,Psychiatry
70069-048-20,Endocrinology/Metabolism
70069-048-20,Gastroenterology
70069-048-20,Pediatric
70069-048-20,Total Parenteral Nutrition
0409-3299-25,Endocrinology/Metabolism
0409-3299-25,Gastroenterology
0409-3299-25,Pediatric
0409-3299-25,Total Parenteral Nutrition
83634-651-20,Anesthesia
83634-651-20,Pediatric
25021-820-05,Rheumatology
0409-3795-01,Analgesia/Addiction
44567-602-24,Anesthesia
51754-5011-4,Endocrinology/Metabolism
51754-5011-4,Gastroenterology
51754-5011-4,Pediatric
0338-0078-20,Endocrinology/Metabolism
0338-0078-20,Gastroenterology
0338-0078-20,Other
0338-0078-20,Pediatric
55150-251-10,Anesthesia
0172-5241-60,Hematology
63323-486-17,Anesthesia
63323-486-17,Pediatric
70121-1388-8,Anesthesia
0069-8730-30,Cardiovascular
0409-4900-14,Endocrinology/Metabolism
0409-4900-14,Gastroenterology
0409-4900-14,Pediatric
39822-0350-2,Anti-Infective
0409-3815-12,Analgesia/Addiction
0143-9144-03,Endocrinology/Metabolism
0264-7520-00,Endocrinology/Metabolism
0264-7520-00,Gastroenterology
0264-7520-00,Other
0264-7520-00,Pediatric
63323-464-17,Anesthesia
72485-508-10,Anesthesia
42858-162-01,Psychiatry
0703-4094-01,Gastroenterology
57664-046-88,Psychiatry
0264-1510-32,Endocrinology/Metabolism
0264-1510-32,Gastroenterology
0264-1510-32,Other
0264-1510-32,Pediatric
55150-249-50,Anesthesia
0378-9651-32,Ophthalmology
60951-602-70,Analgesia/Addiction
0338-3410-50,Anti-Infective
0703-4239-01,Oncology
16729-483-03,Anesthesia
16729-483-03,Neurology
16729-483-03,Pediatric
0378-1375-78,Gastroenterology
0409-3182-02,Anesthesia
0409-3182-02,Pediatric
0406-8894-01,Psychiatry
47335-993-01,Anti-Infective
0781-3288-09,Anti-Infective
0143-9393-10,Analgesia/Addiction
16729-277-35,Rheumatology
16729-277-35,Oncology
0409-9094-25,Analgesia/Addiction
0409-9094-25,Pediatric
70121-1389-7,Anesthesia
61269-620-10,Neurology
61269-620-10,Pediatric
61269-620-10,Psychiatry
67457-420-10,Dermatology
67457-420-10,Endocrinology/Metabolism
67457-420-10,Gastroenterology
67457-420-10,Hematology
67457-420-10,Neurology
67457-420-10,Oncology
67457-420-10,Ophthalmology
67457-420-10,Other
67457-420-10,Pulmonary/Allergy
67457-420-10,Rheumatology
65219-442-05,Anesthesia
0009-0280-52,Rheumatology
63323-806-02,Analgesia/Addiction
63323-806-02,Pediatric
0264-7520-10,Endocrinology/Metabolism
0264-7520-10,Gastroenterology
0264-7520-10,Other
0264-7520-10,Pediatric
0338-9555-24,Anesthesia
71288-505-03,Anesthesia
25021-671-66,Anesthesia
0781-9412-92,Anti-Infective
0409-6102-27,Cardiovascular
46163-212-95,Renal
0603-5168-21,Analgesia/Addiction
0603-5168-21,Neurology
0603-5168-21,Other
65162-025-09,Psychiatry
0338-0719-06,Endocrinology/Metabolism
0338-0719-06,Gastroenterology
0338-0719-06,Other
0338-0719-06,Pediatric
73293-0002-2,Anesthesia
62135-737-30,Neurology
62135-737-30,Other
0406-5117-01,Psychiatry
0023-6118-03,Dermatology
0023-6118-03,Other
59417-104-10,Psychiatry
11534-191-01,Psychiatry
72266-263-10,Anesthesia
70069-752-10,Anesthesia
13107-069-01,Psychiatry
68180-556-09,Cardiovascular
0069-0227-03,Oncology
0143-9311-10,Anesthesia
0941-0415-06,Renal
59417-119-01,Psychiatry
64764-805-10,Psychiatry
0143-9830-01,Rheumatology
0143-9830-01,Oncology
0781-3476-95,Hematology
61703-339-18,Oncology
57664-606-88,Psychiatry
42806-799-30,Anti-Infective
0574-2410-65,Psychiatry
36000-282-25,Cardiovascular
0781-3289-09,Anti-Infective
0409-6102-02,Cardiovascular
68025-084-30,Psychiatry
70726-0303-1,Neurology
0009-0306-02,Rheumatology
0071-5212-23,Cardiovascular
70069-021-25,Dermatology
70069-021-25,Endocrinology/Metabolism
70069-021-25,Gastroenterology
70069-021-25,Hematology
70069-021-25,Neurology
70069-021-25,Oncology
70069-021-25,Ophthalmology
70069-021-25,Other
70069-021-25,Pulmonary/Allergy
70069-021-25,Rheumatology
50242-085-27,Cardiovascular
50242-085-27,Hematology
50242-085-27,Neurology
25021-661-10,Anesthesia
25021-661-10,Neurology
63323-285-20,Anesthesia
0781-9413-92,Anti-Infective
63323-854-10,Analgesia/Addiction
0338-0431-03,Hematology
66794-160-02,Analgesia/Addiction
45802-580-46,Gastroenterology
45802-580-46,Neurology
45802-580-46,Other
45963-709-96,Cardiovascular
0641-6254-01,Analgesia/Addiction
83634-600-02,Anesthesia
50742-448-60,Oncology
0409-1890-01,Analgesia/Addiction
0990-6139-22,Gastroenterology
0990-6139-22,Other
0990-6139-22,Pediatric
23155-600-41,Anesthesia
23155-600-41,Neurology
0338-3993-01,Oncology
0338-3993-01,Pediatric
0990-7930-03,Endocrinology/Metabolism
0990-7930-03,Gastroenterology
0990-7930-03,Other
0990-7930-03,Pediatric
76045-009-06,Analgesia/Addiction
25021-233-10,Oncology
72205-102-07,Cardiovascular
63323-850-74,Anti-Infective
72266-118-25,Analgesia/Addiction
0527-4667-37,Psychiatry
83831-141-08,Oncology
84383-110-01,Anti-Infective
0409-1165-02,Anesthesia
13668-356-05,Cardiovascular
49884-561-11,Neurology
0990-7923-37,Endocrinology/Metabolism
0990-7923-37,Gastroenterology
0990-7923-37,Other
0990-7923-37,Pediatric
63323-574-86,Hematology
0603-5166-21,Analgesia/Addiction
0603-5166-21,Neurology
0603-5166-21,Other
63323-462-17,Anesthesia
0409-9630-05,Anesthesia
0409-9630-05,Neurology
0409-9630-05,Pediatric
55150-162-05,Anesthesia
50742-431-08,Oncology
72888-152-01,Neurology
72888-152-01,Pediatric
72888-152-01,Psychiatry
43547-410-09,Cardiovascular
0409-1098-02,Analgesia/Addiction
65219-434-20,Anti-Infective
0409-4713-02,Anesthesia
0409-4713-02,Pediatric
63323-482-27,Anesthesia
63323-482-27,Pediatric
0409-3793-01,Analgesia/Addiction
63323-725-10,Analgesia/Addiction
0338-9553-50,Anti-Infective
0069-4370-71,Cardiovascular
64850-504-01,Psychiatry
72205-137-91,Psychiatry
59651-724-01,Neurology
59651-724-01,Pediatric
59651-724-01,Psychiatry
70069-064-10,Anesthesia
61269-610-10,Neurology
61269-610-10,Pediatric
61269-610-10,Psychiatry
70726-0305-1,Neurology
0406-5116-01,Psychiatry
0093-7769-24,Transplant
63323-208-05,Anesthesia
63323-208-05,Pediatric
55150-199-20,Anesthesia
60951-712-70,Analgesia/Addiction
55150-226-10,Anesthesia
13107-068-01,Psychiatry
0641-6045-25,Neurology
70069-025-10,Dermatology
70069-025-10,Endocrinology/Metabolism
70069-025-10,Gastroenterology
70069-025-10,Hematology
70069-025-10,Neurology
70069-025-10,Oncology
70069-025-10,Ophthalmology
70069-025-10,Other
70069-025-10,Pulmonary/Allergy
70069-025-10,Rheumatology
0409-7101-66,Gastroenterology
0409-7101-66,Other
0409-7101-66,Renal
69238-1627-6,Dermatology
63323-285-23,Anesthesia
59417-118-01,Psychiatry
0527-1502-37,Psychiatry
0378-6860-77,Psychiatry
64253-020-30,Other
76045-0212-10,Dermatology
76045-0212-10,Endocrinology/Metabolism
76045-0212-10,Gastroenterology
76045-0212-10,Hematology
76045-0212-10,Neurology
76045-0212-10,Oncology
76045-0212-10,Ophthalmology
76045-0212-10,Other
76045-0212-10,Pulmonary/Allergy
76045-0212-10,Rheumatology
0409-7299-73,Endocrinology/Metabolism
0409-7299-73,Gastroenterology
0409-7299-73,Pediatric
0409-7299-73,Total Parenteral Nutrition
50458-587-01,Psychiatry
54092-189-81,Gastroenterology
43066-557-12,Anesthesia
0069-3070-30,Anti-Infective
42806-344-01,Psychiatry
0409-3382-21,Analgesia/Addiction
0409-3382-21,Pediatric
25021-655-02,Anesthesia
25021-655-02,Neurology
0990-7923-20,Endocrinology/Metabolism
0990-7923-20,Gastroenterology
0990-7923-20,Other
0990-7923-20,Pediatric
65219-572-10,Cardiovascular
55150-296-10,Anesthesia
0093-8072-56,Neurology
78206-170-01,Pulmonary/Allergy
63323-123-10,Rheumatology
63323-123-10,Oncology
0338-0551-18,Endocrinology/Metabolism
0338-0551-18,Gastroenterology
0338-0551-18,Other
0338-0551-18,Pediatric
0409-5010-01,Anesthesia
0264-7520-20,Endocrinology/Metabolism
0264-7520-20,Gastroenterology
0264-7520-20,Other
0264-7520-20,Pediatric
60951-602-85,Analgesia/Addiction
0641-6127-25,Analgesia/Addiction
65219-801-01,Anesthesia
0409-5820-01,Cardiovascular
63323-461-57,Anesthesia
0228-2550-06,Musculoskeletal
0228-2550-06,Rheumatology
63323-472-37,Anesthesia
0781-2234-01,Gastroenterology
68025-089-30,Psychiatry
61958-0601-1,Anti-Infective
60505-6282-7,Oncology
11534-194-01,Psychiatry
0591-5543-01,Oncology
0591-5543-01,Renal
0591-5543-01,Rheumatology
63323-750-20,Oncology
0409-2634-01,Analgesia/Addiction
0409-3177-01,Anesthesia
0409-3177-01,Pediatric
0480-5795-08,Reproductive
67457-903-20,Anesthesia
0054-0370-25,Psychiatry
0002-7640-01,Oncology
0781-9408-95,Anti-Infective
0641-6027-25,Analgesia/Addiction
0641-6027-25,Pediatric
16729-137-16,Neurology
16729-137-16,Pediatric
16729-137-16,Psychiatry
49884-127-91,Transplant
70069-753-25,Anesthesia
0603-5165-32,Analgesia/Addiction
0603-5165-32,Neurology
0603-5165-32,Other
57844-110-01,Psychiatry
62135-737-90,Neurology
62135-737-90,Other
0037-0678-96,Pulmonary/Allergy
0781-3454-95,Hematology
0941-0429-52,Renal
0071-0535-23,Cardiovascular
0009-0280-03,Rheumatology
63323-715-05,Oncology
0406-8891-01,Psychiatry
23155-473-41,Cardiovascular
13107-070-01,Psychiatry
63323-724-05,Analgesia/Addiction
0002-8214-05,Endocrinology/Metabolism
63323-578-01,Anesthesia
44567-600-04,Anesthesia
65219-281-15,Medical Imaging
54092-171-12,Neurology
70069-064-01,Anesthesia
44567-611-10,Anesthesia
44567-611-10,Neurology
63323-519-10,Hematology
67457-924-50,Anesthesia
63323-851-15,Analgesia/Addiction
59417-120-01,Psychiatry
0409-7101-02,Gastroenterology
0409-7101-02,Other
0409-7101-02,Renal
50458-290-01,Anti-Infective
50458-290-01,Other
0185-0853-01,Psychiatry
0264-7510-00,Endocrinology/Metabolism
0264-7510-00,Gastroenterology
0264-7510-00,Other
0264-7510-00,Pediatric
50633-310-11,Other
0338-9545-50,Anti-Infective
0069-3150-83,Anti-Infective
0574-7116-12,Analgesia/Addiction
67457-957-99,Hematology
0264-7387-50,Endocrinology/Metabolism
0264-7387-50,Gastroenterology
0264-7387-50,Other
0264-7387-50,Pediatric
0143-9530-01,Oncology
0143-9530-01,Pediatric
0074-0522-60,Antiviral
63323-185-50,Other
83634-653-05,Anesthesia
83634-653-05,Pediatric
0409-3181-01,Anesthesia
0409-3181-01,Pediatric
49884-563-11,Neurology
0009-3051-02,Anti-Infective
0009-0017-58,Psychiatry
63323-580-20,Anesthesia
63323-580-20,Neurology
63323-580-20,Pediatric
0264-9594-10,Cardiovascular
0143-9507-10,Anesthesia
55150-164-02,Anesthesia
57664-607-88,Psychiatry
0409-2510-01,Anesthesia
0574-0521-74,Other
0555-0973-02,Psychiatry
0781-8017-31,Cardiovascular
73293-0001-2,Anesthesia
55150-304-25,Dermatology
55150-304-25,Endocrinology/Metabolism
55150-304-25,Gastroenterology
55150-304-25,Hematology
55150-304-25,Neurology
55150-304-25,Oncology
55150-304-25,Ophthalmology
55150-304-25,Other
55150-304-25,Pulmonary/Allergy
55150-304-25,Rheumatology
0409-1755-50,Anesthesia
0074-7098-06,Ophthalmology
0409-4276-02,Anesthesia
0409-4276-02,Pediatric
16729-501-43,Cardiovascular
55150-313-01,Rheumatology
54288-164-01,Oncology
55150-255-20,Anesthesia
60505-4740-1,Psychiatry
55150-324-25,Cardiovascular
65162-026-09,Psychiatry
0641-6146-25,Dermatology
0641-6146-25,Endocrinology/Metabolism
0641-6146-25,Gastroenterology
0641-6146-25,Hematology
0641-6146-25,Neurology
0641-6146-25,Oncology
0641-6146-25,Ophthalmology
0641-6146-25,Other
0641-6146-25,Pulmonary/Allergy
0641-6146-25,Rheumatology
0264-1933-10,Gastroenterology
65862-162-90,Cardiovascular
0406-5112-01,Psychiatry
0591-0347-05,Cardiovascular
59417-105-10,Psychiatry
66794-162-02,Analgesia/Addiction
63323-201-02,Anesthesia
63323-201-02,Pediatric
0527-4663-37,Psychiatry
63323-852-25,Analgesia/Addiction
49702-260-55,Antiviral
0409-1174-10,Anesthesia
0409-5093-11,Anti-Infective
67457-445-60,Anti-Infective
72205-133-91,Psychiatry
0703-0018-01,Analgesia/Addiction
0574-2415-65,Psychiatry
0409-1891-01,Analgesia/Addiction
16729-137-00,Neurology
16729-137-00,Pediatric
16729-137-00,Psychiatry
42858-166-01,Psychiatry
0641-6054-25,Analgesia/Addiction
0641-6042-25,Analgesia/Addiction
0009-0306-12,Rheumatology
65219-456-60,Endocrinology/Metabolism
65219-456-60,Gastroenterology
65219-456-60,Other
65219-456-60,Pediatric
42571-132-52,Pulmonary/Allergy
66794-228-41,Anesthesia
70010-115-01,Psychiatry
76045-105-20,Analgesia/Addiction
0338-1055-48,Anti-Infective
25021-233-20,Oncology
0406-8885-01,Psychiatry
55150-198-30,Anesthesia
68025-096-10,Psychiatry
0409-4277-02,Anesthesia
0409-4277-02,Pediatric
63323-411-10,Anesthesia
63323-411-10,Neurology
0338-1075-02,Cardiovascular
0338-1075-02,Pediatric
0338-1075-02,Renal
63323-421-02,Anesthesia
63323-286-00,Anesthesia
63323-455-01,Analgesia/Addiction
0409-4275-01,Anesthesia
0409-4275-01,Pediatric
13668-353-01,Cardiovascular
60793-700-10,Anti-Infective
0264-7510-10,Endocrinology/Metabolism
0264-7510-10,Gastroenterology
0264-7510-10,Other
0264-7510-10,Pediatric
71357-009-10,Endocrinology/Metabolism
71357-009-10,Gastroenterology
71357-009-10,Pediatric
71357-009-10,Total Parenteral Nutrition
0409-1890-23,Analgesia/Addiction
64850-502-01,Psychiatry
13668-356-30,Cardiovascular
0338-1007-02,Cardiovascular
0990-7120-07,Endocrinology/Metabolism
0990-7120-07,Gastroenterology
0990-7120-07,Other
0990-7120-07,Pediatric
0703-4636-01,Oncology
0004-0801-85,Antiviral
43547-607-10,Psychiatry
0074-9036-30,Endocrinology/Metabolism
0603-5166-32,Analgesia/Addiction
0603-5166-32,Neurology
0603-5166-32,Other
58468-0123-1,Endocrinology/Metabolism
65219-570-04,Cardiovascular
49230-206-94,Renal
64850-555-01,Psychiatry
65219-284-12,Hematology
0591-4575-60,Anti-Infective
0409-1209-01,Anesthesia
0409-1209-01,Pediatric
63323-466-37,Anesthesia
0074-7098-01,Ophthalmology
61703-124-40,Rheumatology
61703-124-40,Oncology
0517-1001-25,Anesthesia
0517-1001-25,Neurology
0517-1001-25,Pediatric
43547-411-09,Cardiovascular
0143-9506-10,Anesthesia
65862-618-90,Cardiovascular
62037-734-01,Psychiatry
0069-4380-71,Cardiovascular
49884-119-91,Transplant
0781-8017-01,Cardiovascular
0941-0426-53,Renal
68180-659-06,Anti-Infective
45963-676-96,Cardiovascular
55150-225-05,Anesthesia
62135-669-90,Cardiovascular
16729-500-08,Cardiovascular
25021-115-02,Anti-Infective
25021-671-87,Anesthesia
0641-6057-25,Anesthesia
0641-6057-25,Neurology
63323-286-35,Anesthesia
0409-9094-61,Analgesia/Addiction
0409-9094-61,Pediatric
55150-323-25,Cardiovascular
43547-408-50,Neurology
43547-408-50,Pediatric
43547-408-50,Psychiatry
0409-4887-50,Other
13668-355-01,Cardiovascular
63323-032-00,Total Parenteral Nutrition
25357-025-03,Ophthalmology
0591-0347-01,Cardiovascular
0053-6871-00,Hematology
0338-0004-03,Gastroenterology
0338-0004-03,Other
0338-0004-03,Pediatric
0409-4911-34,Anesthesia
0409-4911-34,Neurology
0409-4911-34,Pediatric
17478-050-01,Analgesia/Addiction
17478-050-01,Pediatric
0781-3443-95,Hematology
0703-0113-03,Analgesia/Addiction
63323-165-01,Dermatology
63323-165-01,Endocrinology/Metabolism
63323-165-01,Gastroenterology
63323-165-01,Hematology
63323-165-01,Neurology
63323-165-01,Oncology
63323-165-01,Ophthalmology
63323-165-01,Other
63323-165-01,Pulmonary/Allergy
63323-165-01,Rheumatology
80789-117-50,Neurology
0781-2234-10,Gastroenterology
0093-8076-56,Neurology
70069-064-25,Anesthesia
0641-6041-25,Analgesia/Addiction
42023-187-10,Anesthesia
83301-0080-2,Cardiovascular
62037-720-10,Endocrinology/Metabolism
62037-720-10,Gastroenterology
55150-167-10,Anesthesia
65219-281-07,Medical Imaging
76045-104-10,Analgesia/Addiction
0409-3301-10,Anesthesia
0409-1746-30,Anesthesia
0641-6084-25,Analgesia/Addiction
0641-6084-25,Gastroenterology
0641-6084-25,Pediatric
0641-6084-25,Pulmonary/Allergy
0409-1761-10,Anesthesia
55150-200-10,Anesthesia
0409-4277-01,Anesthesia
0409-4277-01,Pediatric
0338-0023-02,Endocrinology/Metabolism
0338-0023-02,Gastroenterology
0338-0023-02,Other
0338-0023-02,Pediatric
0093-7352-01,Endocrinology/Metabolism
0517-1004-25,Anesthesia
0517-1004-25,Neurology
0517-1004-25,Pediatric
0591-5543-10,Oncology
0591-5543-10,Renal
0591-5543-10,Rheumatology
72516-013-01,Psychiatry
63323-496-97,Anesthesia
63323-496-97,Pediatric
65219-458-30,Endocrinology/Metabolism
65219-458-30,Gastroenterology
65219-458-30,Other
65219-458-30,Pediatric
16729-295-12,Oncology
71288-718-11,Anesthesia
0941-0429-53,Renal
0409-7101-67,Gastroenterology
0409-7101-67,Other
0409-7101-67,Renal
64850-501-01,Psychiatry
47781-180-01,Psychiatry
0143-9935-01,Anti-Infective
0143-9935-01,Pediatric
63323-426-10,Anesthesia
54092-172-12,Neurology
0093-9433-01,Endocrinology/Metabolism
64850-551-01,Psychiatry
0409-1100-10,Cardiovascular
0409-1100-10,Pediatric
0409-1100-10,Renal
70069-061-10,Anesthesia
0703-4244-01,Oncology
0409-3977-03,Other
59417-115-01,Psychiatry
0378-0167-02,Anti-Infective
0990-4178-03,Gastroenterology
0641-6261-01,Endocrinology/Metabolism
0641-6261-01,Gastroenterology
0641-6261-01,Pediatric
0641-6261-01,Total Parenteral Nutrition
0338-9549-50,Anti-Infective
0069-4061-01,Anti-Infective
62175-311-37,Psychiatry
0378-0005-85,Transplant
43547-407-10,Neurology
43547-407-10,Pediatric
43547-407-10,Psychiatry
0409-5555-02,Endocrinology/Metabolism
0409-5555-02,Gastroenterology
0409-5555-02,Pediatric
0009-4073-04,Anti-Infective
25021-230-02,Oncology
50458-585-01,Psychiatry
0527-0766-37,Psychiatry
81665-104-96,Pulmonary/Allergy
69945-094-20,Medical Imaging
0641-0367-25,Dermatology
0641-0367-25,Endocrinology/Metabolism
0641-0367-25,Gastroenterology
0641-0367-25,Hematology
0641-0367-25,Neurology
0641-0367-25,Oncology
0641-0367-25,Ophthalmology
0641-0367-25,Other
0641-0367-25,Pulmonary/Allergy
0641-0367-25,Rheumatology
0088-2162-33,Rheumatology
42023-229-10,Anti-Infective
0054-3294-50,Cardiovascular
10122-100-10,Hematology
64380-844-06,Other
0409-1434-01,Anesthesia
72205-101-01,Cardiovascular
63323-412-25,Anesthesia
63323-412-25,Neurology
0071-0737-20,Endocrinology/Metabolism
0409-1638-02,Anesthesia
0025-0325-01,Rheumatology
0990-7922-02,Endocrinology/Metabolism
0990-7922-02,Gastroenterology
0990-7922-02,Other
0990-7922-02,Pediatric
0338-0409-03,Cardiovascular
0409-2587-05,Anesthesia
0409-2587-05,Neurology
76045-010-11,Analgesia/Addiction
0781-3495-95,Anesthesia
0409-1159-01,Anesthesia
0338-1077-02,Cardiovascular
0338-1077-02,Pediatric
0338-1077-02,Renal
0409-7535-01,Anesthesia
66993-212-38,Oncology
10019-925-01,Oncology
10019-925-01,Pediatric
47781-174-01,Psychiatry
0338-1007-03,Cardiovascular
0169-4060-13,Endocrinology/Metabolism
0781-3315-70,Oncology
0002-8233-05,Endocrinology/Metabolism
76329-3302-1,Endocrinology/Metabolism
76329-3302-1,Gastroenterology
76329-3302-1,Pediatric
31722-276-32,Anesthesia
0378-4615-01,Other
63323-463-57,Anesthesia
0781-3518-76,Oncology
0002-4491-62,Neurology
0228-2551-96,Musculoskeletal
0228-2551-96,Rheumatology
0941-0424-51,Renal
63323-487-17,Anesthesia
63323-487-17,Pediatric
47781-566-01,Psychiatry
0641-0928-25,Analgesia/Addiction
0641-0928-25,Gastroenterology
0641-0928-25,Pediatric
0641-0928-25,Pulmonary/Allergy
0143-9575-10,Anesthesia
55150-221-10,Anesthesia
54288-165-01,Oncology
57664-051-88,Psychiatry
49884-125-91,Transplant
0781-3421-94,Anti-Infective
0071-0527-23,Cardiovascular
0480-3667-20,Endocrinology/Metabolism
72572-160-10,Anesthesia
0338-0499-06,Gastroenterology
57664-050-88,Psychiatry
0641-6024-10,Analgesia/Addiction
0641-6024-10,Pediatric
65649-311-12,Cardiovascular
16729-526-08,Anesthesia
16729-526-08,Neurology
16729-526-08,Pediatric
0527-4661-37,Psychiatry
63323-280-02,Cardiovascular
61703-339-22,Oncology
0574-0521-76,Other
63323-972-10,Gastroenterology
16729-138-00,Neurology
16729-138-00,Pediatric
16729-138-00,Psychiatry
0143-9251-10,Anesthesia
43547-603-10,Psychiatry
0409-6102-10,Cardiovascular
72572-074-24,Anti-Infective
0480-3569-01,Psychiatry
72516-012-01,Psychiatry
0069-0197-30,Oncology
0409-5160-10,Anesthesia
0641-6001-25,Neurology
0409-1283-37,Analgesia/Addiction
72888-154-30,Neurology
72888-154-30,Pediatric
72888-154-30,Psychiatry
0054-0374-25,Psychiatry
0093-9477-53,Endocrinology/Metabolism
0406-8892-01,Psychiatry
0409-3299-26,Endocrinology/Metabolism
0409-3299-26,Gastroenterology
0409-3299-26,Pediatric
0409-3299-26,Total Parenteral Nutrition
61703-350-38,Rheumatology
61703-350-38,Oncology
60429-005-12,Cardiovascular
63323-516-10,Dermatology
63323-516-10,Endocrinology/Metabolism
63323-516-10,Gastroenterology
63323-516-10,Hematology
63323-516-10,Neurology
63323-516-10,Oncology
63323-516-10,Ophthalmology
63323-516-10,Other
63323-516-10,Pulmonary/Allergy
63323-516-10,Rheumatology
0480-3568-01,Psychiatry
25021-230-05,Oncology
44567-601-04,Anesthesia
68001-313-56,Oncology
70121-1573-1,Rheumatology
0409-3796-01,Analgesia/Addiction
71225-126-06,Anesthesia
57664-088-88,Psychiatry
0955-1735-30,Rheumatology
67457-925-10,Anesthesia
0409-4916-14,Endocrinology/Metabolism
0409-4916-14,Gastroenterology
0409-4916-14,Pediatric
0009-3073-23,Rheumatology
0002-4312-61,Neurology
0990-7938-19,Endocrinology/Metabolism
0990-7938-19,Gastroenterology
0990-7938-19,Other
0990-7938-19,Pediatric
57664-087-88,Psychiatry
0338-0411-02,Cardiovascular
0264-7510-20,Endocrinology/Metabolism
0264-7510-20,Gastroenterology
0264-7510-20,Other
0264-7510-20,Pediatric
0378-9651-50,Ophthalmology
61314-517-36,Rheumatology
63323-486-27,Anesthesia
63323-486-27,Pediatric
0338-0017-41,Endocrinology/Metabolism
0338-0017-41,Gastroenterology
0338-0017-41,Other
0338-0017-41,Pediatric
65162-028-09,Psychiatry
0409-4713-32,Anesthesia
0409-4713-32,Pediatric
0990-7918-19,Endocrinology/Metabolism
0990-7918-19,Gastroenterology
0990-7918-19,Other
0990-7918-19,Pediatric
70069-753-01,Anesthesia
50742-438-10,Oncology
0143-9144-02,Endocrinology/Metabolism
69238-1247-3,Neurology
13811-711-30,Psychiatry
0480-7250-46,Endocrinology/Metabolism
0409-3182-01,Anesthesia
0409-3182-01,Pediatric
0409-0525-25,Anesthesia
76045-005-11,Analgesia/Addiction
0406-5113-01,Psychiatry
63323-483-27,Anesthesia
63323-483-27,Pediatric
70010-111-01,Psychiatry
47781-567-01,Psychiatry
0143-9310-10,Anesthesia
0338-1130-03,Gastroenterology
13668-354-01,Cardiovascular
0527-4664-37,Psychiatry
63323-808-11,Analgesia/Addiction
63323-808-11,Pediatric
13811-708-10,Psychiatry
43547-608-10,Psychiatry
66758-211-31,Cardiovascular
59212-001-02,Cardiovascular
72205-134-91,Psychiatry
63323-806-50,Analgesia/Addiction
63323-806-50,Pediatric
68025-097-30,Psychiatry
64850-556-01,Psychiatry
36000-284-25,Cardiovascular
83831-142-50,Oncology
0085-4331-01,Anti-Infective
0409-1176-30,Analgesia/Addiction
0527-0764-37,Psychiatry
0641-6047-10,Neurology
63323-122-50,Rheumatology
63323-122-50,Oncology
0071-3112-23,Cardiovascular
72888-152-05,Neurology
72888-152-05,Pediatric
72888-152-05,Psychiatry
72078-035-02,Analgesia/Addiction
70010-116-01,Psychiatry
68025-096-30,Psychiatry
62037-726-01,Psychiatry
63323-853-25,Analgesia/Addiction
59651-724-05,Neurology
59651-724-05,Pediatric
59651-724-05,Psychiatry
0074-2340-30,Antiviral
68025-097-10,Psychiatry
0228-2851-11,Psychiatry
0409-2308-01,Anesthesia
0409-2308-01,Neurology
45963-677-11,Cardiovascular
0641-0121-25,Analgesia/Addiction
0990-4179-05,Gastroenterology
63323-288-10,Anesthesia
70121-1574-5,Rheumatology
0002-7752-05,Endocrinology/Metabolism
0703-3675-01,Rheumatology
0703-3675-01,Oncology
0641-6059-01,Anesthesia
0641-6059-01,Neurology
0641-6043-25,Analgesia/Addiction
70069-758-04,Anesthesia
63323-288-21,Anesthesia
63323-451-01,Analgesia/Addiction
57844-115-01,Psychiatry
0409-2305-05,Anesthesia
0409-2305-05,Neurology
13668-355-05,Cardiovascular
0378-1134-01,Analgesia/Addiction
63323-671-20,Anesthesia
0169-4314-30,Endocrinology/Metabolism
0574-7110-12,Analgesia/Addiction
55513-800-60,Cardiovascular
76329-1912-1,Analgesia/Addiction
0781-2234-31,Gastroenterology
55150-161-02,Anesthesia
0990-7923-23,Endocrinology/Metabolism
0990-7923-23,Gastroenterology
0990-7923-23,Other
0990-7923-23,Pediatric
0990-7139-36,Gastroenterology
0990-7139-36,Other
0990-7139-36,Pediatric
49230-209-92,Renal
0409-4903-34,Analgesia/Addiction
0409-4903-34,Pediatric
25021-821-05,Rheumatology
64253-400-91,Anesthesia
64253-400-91,Neurology
64253-400-91,Pediatric
0409-4283-01,Anesthesia
0409-4283-01,Pediatric
0338-0070-10,Endocrinology/Metabolism
0338-0070-10,Gastroenterology
0338-0070-10,Other
0338-0070-10,Pediatric
69489-721-30,Dermatology
0074-7098-03,Ophthalmology
63323-485-27,Anesthesia
63323-485-27,Pediatric
0641-6040-01,Analgesia/Addiction
65219-258-10,Cardiovascular
0409-4278-01,Anesthesia
0409-4278-01,Pediatric
0409-9104-20,Cardiovascular
0049-3190-01,Antiviral
42858-167-01,Psychiatry
0781-2868-10,Gastroenterology
0641-6085-25,Analgesia/Addiction
0641-6085-25,Gastroenterology
0641-6085-25,Pediatric
0641-6085-25,Pulmonary/Allergy
64850-503-01,Psychiatry
0409-3178-01,Anesthesia
0409-3178-01,Pediatric
63323-465-57,Anesthesia
68180-659-07,Anti-Infective
60505-4745-1,Psychiatry
0006-3066-03,Gastroenterology
65219-065-05,Anesthesia
43547-606-10,Psychiatry
0641-6028-25,Analgesia/Addiction
0641-6028-25,Pediatric
55150-171-10,Anesthesia
55150-195-20,Anesthesia
0406-5114-01,Psychiatry
0781-2868-01,Gastroenterology
70069-631-25,Anesthesia
70069-631-25,Neurology
70069-631-25,Pediatric
64850-554-01,Psychiatry
0173-0715-22,Pulmonary/Allergy
63323-285-63,Anesthesia
0527-4665-37,Psychiatry
46163-206-92,Renal
39822-4200-2,Anesthesia
0641-6002-10,Neurology
63323-460-37,Anesthesia
0409-4887-99,Other
72205-135-91,Psychiatry
0409-1896-20,Analgesia/Addiction
70069-061-25,Anesthesia
61703-408-25,Rheumatology
61703-408-25,Oncology
63323-578-02,Anesthesia
0941-0413-06,Renal
0338-0004-04,Gastroenterology
0338-0004-04,Other
0338-0004-04,Pediatric
0641-6044-25,Neurology
0409-0801-01,Oncology
0409-5555-01,Endocrinology/Metabolism
0409-5555-01,Gastroenterology
0409-5555-01,Pediatric
62037-725-01,Psychiatry
0264-9872-10,Hematology
63323-172-60,Oncology
83301-0081-2,Cardiovascular
0409-1178-30,Analgesia/Addiction
62135-484-60,Cardiovascular
45567-0060-1,Medical Imaging
45963-676-11,Cardiovascular
0185-0842-01,Psychiatry
0009-0395-14,Anti-Infective
63323-464-37,Anesthesia
70010-117-01,Psychiatry
13668-353-30,Cardiovascular
0143-9785-10,Neurology
0641-6056-10,Anesthesia
0641-6056-10,Neurology
0409-2634-05,Analgesia/Addiction
0338-3814-50,Anti-Infective
0409-1749-10,Anesthesia
68025-088-30,Psychiatry
0143-9872-10,Cardiovascular
51759-523-21,Rheumatology
13668-354-90,Cardiovascular
72336-032-01,Psychiatry
67457-421-30,Dermatology
67457-421-30,Endocrinology/Metabolism
67457-421-30,Gastroenterology
67457-421-30,Hematology
67457-421-30,Neurology
67457-421-30,Oncology
67457-421-30,Ophthalmology
67457-421-30,Other
67457-421-30,Pulmonary/Allergy
67457-421-30,Rheumatology
0093-7353-01,Endocrinology/Metabolism
0009-0274-01,Rheumatology
68180-558-09,Cardiovascular
0409-1159-02,Anesthesia
0409-4910-34,Anesthesia
0409-4910-34,Neurology
0409-4910-34,Pediatric
63323-161-01,Analgesia/Addiction
43598-975-58,Anesthesia
21586-012-02,Anti-Infective
21586-012-02,Pediatric
0641-6125-25,Analgesia/Addiction
15054-0025-1,Musculoskeletal
31722-277-32,Anesthesia
62037-720-05,Endocrinology/Metabolism
62037-720-05,Gastroenterology
0555-0974-02,Psychiatry
63323-824-76,Endocrinology/Metabolism
63323-824-76,Gastroenterology
63323-824-76,Other
63323-824-76,Pediatric
0574-7112-12,Analgesia/Addiction
68180-557-09,Cardiovascular
0941-0430-51,Renal
0641-1496-35,Analgesia/Addiction
0641-1496-35,Gastroenterology
0641-1496-35,Pediatric
0641-1496-35,Pulmonary/Allergy
0409-4282-01,Anesthesia
0409-4282-01,Pediatric
0228-2551-06,Musculoskeletal
0228-2551-06,Rheumatology
43547-407-11,Neurology
43547-407-11,Pediatric
43547-407-11,Psychiatry
49230-209-94,Renal
0781-3220-92,Anesthesia
54288-166-01,Oncology
0143-9392-10,Analgesia/Addiction
60505-4741-1,Psychiatry
0409-2344-02,Cardiovascular
0409-2344-02,Pediatric
0409-2344-02,Renal
69784-200-96,Pulmonary/Allergy
0074-7098-04,Ophthalmology
0603-5168-32,Analgesia/Addiction
0603-5168-32,Neurology
0603-5168-32,Other
61703-150-05,Oncology
16729-484-90,Anesthesia
16729-484-90,Neurology
16729-484-90,Pediatric
57664-049-88,Psychiatry
61958-0602-1,Anti-Infective
16729-710-45,Cardiovascular
65862-620-90,Cardiovascular
0781-3220-95,Anesthesia
0338-0644-03,Gastroenterology
71288-700-06,Anesthesia
0480-3567-01,Psychiatry
65219-445-10,Anesthesia
52536-125-10,Anesthesia
63323-351-20,Anti-Infective
